[
    {
        "nome": "Rodrigo",
        "apartamento": "101",
        "senha": "101001"
    },
    {
        "nome": "Gabriela",
        "apartamento": "101",
        "senha": "101002"
    },
    {
        "nome": "Paul McCartney",
        "apartamento": "102",
        "senha": "102001"
    },
    {
        "nome": "John Lenon",
        "apartamento": "102",
        "senha": "102002"
    },
    {
        "nome": "George Harrison",
        "apartamento": "102",
        "senha": "102003"
    },
    {
        "nome": "Ringo Star",
        "apartamento": "102",
        "senha": "102004"
    },
    {
        "nome": "Freddie Mercury",
        "apartamento": "103",
        "senha": "103001"
    },
    {
        "nome": "Brian May",
        "apartamento": "103",
        "senha": "103002"
    },
    {
        "nome": "John Deacon",
        "apartamento": "103",
        "senha": "103003"
    },
    {
        "nome": "Roger Taylor",
        "apartamento": "103",
        "senha": "103004"
    },
    {
        "nome": "Justin Bieber",
        "apartamento": "201",
        "senha": "201001"
    },
    {
        "nome": "Beyonce",
        "apartamento": "202",
        "senha": "202001"
    },
    {
        "nome": "Jay-Z",
        "apartamento": "202",
        "senha": "202002"
    },
    {
        "nome": "Michael Jackson",
        "apartamento": "203",
        "senha": "203001"
    },
    {
        "nome": "Chico Buarque",
        "apartamento": "301",
        "senha": "301001"
    },
    {
        "nome": "Gilberto Gil",
        "apartamento": "302",
        "senha": "302001"
    },
    {
        "nome": "Caetano Veloso",
        "apartamento": "302",
        "senha": "302002"
    },
    {
        "nome": "Gal Costa",
        "apartamento": "302",
        "senha": "302003"
    },
    {
        "nome": "Maria Bethania",
        "apartamento": "302",
        "senha": "302004"
    },
    {
        "nome": "Moraes Moreira",
        "apartamento": "303",
        "senha": "303001"
    },
    {
        "nome": "Baby Consuelo",
        "apartamento": "303",
        "senha": "303002"
    },
    {
        "nome": "Pepeu Gomes",
        "apartamento": "303",
        "senha": "303003"
    },
    {
        "nome": "Paulinho",
        "apartamento": "303",
        "senha": "303004"
    },
    {
        "nome": "Dadi",
        "apartamento": "303",
        "senha": "303005"
    },
    {
        "nome": "Zeca Pagodinho",
        "apartamento": "401",
        "senha": "401001"
    },
    {
        "nome": "Arlindo Cruz",
        "apartamento": "402",
        "senha": "402001"
    },
    {
        "nome": "Xandi de Pilares",
        "apartamento": "403",
        "senha": "403001"
    },
    {
        "nome": "Mauro Junior",
        "apartamento": "403",
        "senha": "403002"
    },
    {
        "nome": "Rogerinho",
        "apartamento": "403",
        "senha": "403003"
    },
    {
        "nome": "Sergio Rufino",
        "apartamento": "403",
        "senha": "403004"
    },
    {
        "nome": "Beto Lima",
        "apartamento": "403",
        "senha": "403005"
    },
    {
        "nome": "Luiz Gonzaga",
        "apartamento": "501",
        "senha": "501001"
    },
    {
        "nome": "Geraldo Azevedo",
        "apartamento": "502",
        "senha": "502001"
    },
    {
        "nome": "Duani",
        "apartamento": "503",
        "senha": "503001"
    },
    {
        "nome": "Chris Mourao",
        "apartamento": "503",
        "senha": "503002"
    },
    {
        "nome": "Mara",
        "apartamento": "503",
        "senha": "503003"
    },
    {
        "nome": "Cachaca",
        "apartamento": "503",
        "senha": "503004"
    },
    {
        "nome": "Marcos Moletta",
        "apartamento": "503",
        "senha": "503005"
    }
]